{
  "project_path": "projects/batch_proj/ppp_bcd",
  "evaluation_summary": {
    "total_subfolders": 2,
    "total_questions": 100,
    "retrieval_metrics": {
      "hit_at_1": 0.86,
      "hit_at_3": 0.93,
      "hit_at_5": 0.94,
      "mrr": 0.8975,
      "precision_at_1": 0.86,
      "precision_at_3": 0.55,
      "precision_at_5": 0.45599999999999996,
      "recall_at_1": 0.86,
      "recall_at_3": 0.93,
      "recall_at_5": 0.94,
      "ndcg_at_1": 0.86,
      "ndcg_at_3": 0.9041650827500021,
      "ndcg_at_5": 0.908471848330736
    },
    "generation_metrics": {
      "avg_llm_score": 4.5329999999999995,
      "avg_correctness": 4.289999999999999,
      "avg_completeness": 4.5,
      "avg_relevance": 4.81,
      "total_evaluated": 100
    }
  },
  "subfolder_results": [
    {
      "project_path": "projects/batch_proj\\ppp_bcd\\individual",
      "total_questions": 50,
      "hit_at_k": {
        "1": 0.88,
        "3": 0.9,
        "5": 0.9
      },
      "mrr": 0.89,
      "precision_at_k": {
        "1": 0.88,
        "3": 0.4866666666666666,
        "5": 0.37599999999999995
      },
      "recall_at_k": {
        "1": 0.88,
        "3": 0.9,
        "5": 0.9
      },
      "ndcg_at_k": {
        "1": 0.88,
        "3": 0.8926185950714292,
        "5": 0.8926185950714292
      },
      "generation_metrics": {
        "avg_llm_score": 4.788,
        "avg_correctness": 4.52,
        "avg_completeness": 4.84,
        "avg_relevance": 5.0
      }
    },
    {
      "project_path": "projects/batch_proj\\ppp_bcd\\unificado",
      "total_questions": 50,
      "hit_at_k": {
        "1": 0.84,
        "3": 0.96,
        "5": 0.98
      },
      "mrr": 0.905,
      "precision_at_k": {
        "1": 0.84,
        "3": 0.6133333333333334,
        "5": 0.536
      },
      "recall_at_k": {
        "1": 0.84,
        "3": 0.96,
        "5": 0.98
      },
      "ndcg_at_k": {
        "1": 0.84,
        "3": 0.915711570428575,
        "5": 0.9243251015900428
      },
      "generation_metrics": {
        "avg_llm_score": 4.278,
        "avg_correctness": 4.06,
        "avg_completeness": 4.16,
        "avg_relevance": 4.62
      }
    }
  ]
}