{
  "project_path": "projects/batch_proj/ppp_best",
  "evaluation_summary": {
    "total_subfolders": 2,
    "total_questions": 100,
    "retrieval_metrics": {
      "hit_at_1": 0.9,
      "hit_at_3": 0.99,
      "hit_at_5": 1.0,
      "mrr": 0.9441666666666666,
      "precision_at_1": 0.9,
      "precision_at_3": 0.52,
      "precision_at_5": 0.412,
      "recall_at_1": 0.9,
      "recall_at_3": 0.99,
      "recall_at_5": 1.0,
      "ndcg_at_1": 0.9,
      "ndcg_at_3": 0.9541650827500021,
      "ndcg_at_5": 0.958471848330736
    },
    "generation_metrics": {
      "avg_llm_score": 4.603,
      "avg_correctness": 4.45,
      "avg_completeness": 4.51,
      "avg_relevance": 4.85,
      "total_evaluated": 100
    }
  },
  "subfolder_results": [
    {
      "project_path": "projects/batch_proj\\ppp_best\\individual",
      "total_questions": 50,
      "hit_at_k": {
        "1": 0.84,
        "3": 0.98,
        "5": 1.0
      },
      "mrr": 0.9083333333333333,
      "precision_at_k": {
        "1": 0.84,
        "3": 0.44666666666666666,
        "5": 0.3559999999999999
      },
      "recall_at_k": {
        "1": 0.84,
        "3": 0.98,
        "5": 1.0
      },
      "ndcg_at_k": {
        "1": 0.84,
        "3": 0.9230929753571457,
        "5": 0.9317065065186136
      },
      "generation_metrics": {
        "avg_llm_score": 4.418,
        "avg_correctness": 4.14,
        "avg_completeness": 4.3,
        "avg_relevance": 4.82
      }
    },
    {
      "project_path": "projects/batch_proj\\ppp_best\\unificado",
      "total_questions": 50,
      "hit_at_k": {
        "1": 0.96,
        "3": 1.0,
        "5": 1.0
      },
      "mrr": 0.98,
      "precision_at_k": {
        "1": 0.96,
        "3": 0.5933333333333333,
        "5": 0.46799999999999997
      },
      "recall_at_k": {
        "1": 0.96,
        "3": 1.0,
        "5": 1.0
      },
      "ndcg_at_k": {
        "1": 0.96,
        "3": 0.9852371901428583,
        "5": 0.9852371901428583
      },
      "generation_metrics": {
        "avg_llm_score": 4.787999999999999,
        "avg_correctness": 4.76,
        "avg_completeness": 4.72,
        "avg_relevance": 4.88
      }
    }
  ]
}