{
  "project_path": "projects/batch_proj/ppp_bcc",
  "evaluation_summary": {
    "total_subfolders": 2,
    "total_questions": 100,
    "retrieval_metrics": {
      "hit_at_1": 0.89,
      "hit_at_3": 0.99,
      "hit_at_5": 1.0,
      "mrr": 0.9386666666666668,
      "precision_at_1": 0.89,
      "precision_at_3": 0.5466666666666667,
      "precision_at_5": 0.43200000000000005,
      "recall_at_1": 0.89,
      "recall_at_3": 0.99,
      "recall_at_5": 1.0,
      "ndcg_at_1": 0.89,
      "ndcg_at_3": 0.9504743802857166,
      "ndcg_at_5": 0.9543429083580619
    },
    "generation_metrics": {
      "avg_llm_score": 4.797000000000001,
      "avg_correctness": 4.66,
      "avg_completeness": 4.95,
      "avg_relevance": 4.78,
      "total_evaluated": 100
    }
  },
  "subfolder_results": [
    {
      "project_path": "projects/batch_proj\\ppp_bcc\\individual",
      "total_questions": 50,
      "hit_at_k": {
        "1": 0.9,
        "3": 1.0,
        "5": 1.0
      },
      "mrr": 0.9466666666666668,
      "precision_at_k": {
        "1": 0.9,
        "3": 0.56,
        "5": 0.46799999999999997
      },
      "recall_at_k": {
        "1": 0.9,
        "3": 1.0,
        "5": 1.0
      },
      "ndcg_at_k": {
        "1": 0.9,
        "3": 0.9604743802857166,
        "5": 0.9604743802857166
      },
      "generation_metrics": {
        "avg_llm_score": 4.666,
        "avg_correctness": 4.38,
        "avg_completeness": 4.96,
        "avg_relevance": 4.66
      }
    },
    {
      "project_path": "projects/batch_proj\\ppp_bcc\\unificado",
      "total_questions": 50,
      "hit_at_k": {
        "1": 0.88,
        "3": 0.98,
        "5": 1.0
      },
      "mrr": 0.9306666666666666,
      "precision_at_k": {
        "1": 0.88,
        "3": 0.5333333333333333,
        "5": 0.396
      },
      "recall_at_k": {
        "1": 0.88,
        "3": 0.98,
        "5": 1.0
      },
      "ndcg_at_k": {
        "1": 0.88,
        "3": 0.9404743802857166,
        "5": 0.9482114364304074
      },
      "generation_metrics": {
        "avg_llm_score": 4.928,
        "avg_correctness": 4.94,
        "avg_completeness": 4.94,
        "avg_relevance": 4.9
      }
    }
  ]
}