{
  "project_path": "projects/batch_proj/ppp_engcomp",
  "evaluation_summary": {
    "total_subfolders": 2,
    "total_questions": 100,
    "retrieval_metrics": {
      "hit_at_1": 0.78,
      "hit_at_3": 0.91,
      "hit_at_5": 0.95,
      "mrr": 0.8473333333333334,
      "precision_at_1": 0.78,
      "precision_at_3": 0.4933333333333333,
      "precision_at_5": 0.366,
      "recall_at_1": 0.78,
      "recall_at_3": 0.91,
      "recall_at_5": 0.95,
      "ndcg_at_1": 0.78,
      "ndcg_at_3": 0.8567836778214312,
      "ndcg_at_5": 0.8731342651275898
    },
    "generation_metrics": {
      "avg_llm_score": 4.678999999999999,
      "avg_correctness": 4.55,
      "avg_completeness": 4.79,
      "avg_relevance": 4.69,
      "total_evaluated": 100
    }
  },
  "subfolder_results": [
    {
      "project_path": "projects/batch_proj\\ppp_engcomp\\individual",
      "total_questions": 50,
      "hit_at_k": {
        "1": 0.82,
        "3": 0.94,
        "5": 0.98
      },
      "mrr": 0.8833333333333334,
      "precision_at_k": {
        "1": 0.82,
        "3": 0.4,
        "5": 0.304
      },
      "recall_at_k": {
        "1": 0.82,
        "3": 0.94,
        "5": 0.98
      },
      "ndcg_at_k": {
        "1": 0.82,
        "3": 0.8904743802857166,
        "5": 0.9077014426086524
      },
      "generation_metrics": {
        "avg_llm_score": 4.6739999999999995,
        "avg_correctness": 4.48,
        "avg_completeness": 4.86,
        "avg_relevance": 4.68
      }
    },
    {
      "project_path": "projects/batch_proj\\ppp_engcomp\\unificado",
      "total_questions": 50,
      "hit_at_k": {
        "1": 0.74,
        "3": 0.88,
        "5": 0.92
      },
      "mrr": 0.8113333333333332,
      "precision_at_k": {
        "1": 0.74,
        "3": 0.5866666666666667,
        "5": 0.42800000000000005
      },
      "recall_at_k": {
        "1": 0.74,
        "3": 0.88,
        "5": 0.92
      },
      "ndcg_at_k": {
        "1": 0.74,
        "3": 0.8230929753571458,
        "5": 0.8385670876465273
      },
      "generation_metrics": {
        "avg_llm_score": 4.684,
        "avg_correctness": 4.62,
        "avg_completeness": 4.72,
        "avg_relevance": 4.7
      }
    }
  ]
}