{
  "project_path": "projects/batch_proj/ppp_bmat",
  "evaluation_summary": {
    "total_subfolders": 2,
    "total_questions": 100,
    "retrieval_metrics": {
      "hit_at_1": 0.86,
      "hit_at_3": 0.98,
      "hit_at_5": 0.98,
      "mrr": 0.9166666666666665,
      "precision_at_1": 0.86,
      "precision_at_3": 0.4666666666666666,
      "precision_at_5": 0.3459999999999999,
      "recall_at_1": 0.86,
      "recall_at_3": 0.98,
      "recall_at_5": 0.98,
      "ndcg_at_1": 0.86,
      "ndcg_at_3": 0.9330929753571457,
      "ndcg_at_5": 0.9330929753571457
    },
    "generation_metrics": {
      "avg_llm_score": 4.641,
      "avg_correctness": 4.5,
      "avg_completeness": 4.81,
      "avg_relevance": 4.61,
      "total_evaluated": 100
    }
  },
  "subfolder_results": [
    {
      "project_path": "projects/batch_proj\\ppp_bmat\\individual",
      "total_questions": 50,
      "hit_at_k": {
        "1": 0.8,
        "3": 1.0,
        "5": 1.0
      },
      "mrr": 0.8966666666666667,
      "precision_at_k": {
        "1": 0.8,
        "3": 0.44,
        "5": 0.324
      },
      "recall_at_k": {
        "1": 0.8,
        "3": 1.0,
        "5": 1.0
      },
      "ndcg_at_k": {
        "1": 0.8,
        "3": 0.9235673556428624,
        "5": 0.9235673556428624
      },
      "generation_metrics": {
        "avg_llm_score": 4.562,
        "avg_correctness": 4.42,
        "avg_completeness": 4.78,
        "avg_relevance": 4.48
      }
    },
    {
      "project_path": "projects/batch_proj\\ppp_bmat\\unificado",
      "total_questions": 50,
      "hit_at_k": {
        "1": 0.92,
        "3": 0.96,
        "5": 0.96
      },
      "mrr": 0.9366666666666665,
      "precision_at_k": {
        "1": 0.92,
        "3": 0.4933333333333333,
        "5": 0.368
      },
      "recall_at_k": {
        "1": 0.92,
        "3": 0.96,
        "5": 0.96
      },
      "ndcg_at_k": {
        "1": 0.92,
        "3": 0.9426185950714292,
        "5": 0.9426185950714292
      },
      "generation_metrics": {
        "avg_llm_score": 4.72,
        "avg_correctness": 4.58,
        "avg_completeness": 4.84,
        "avg_relevance": 4.74
      }
    }
  ]
}